time,pos1,pos2,pos3
207.0,"(0, -125)",,
207.1,"(0, -125)",,
207.2,"(0, -125)",,
207.3,"(0, -125)",,
207.4,"(0, -125)",,
207.5,"(0, -125)",,
207.6,"(0, -125)",,
207.7,"(0, -125)",,
207.8,"(0, -125)",,
207.9,"(0, -125)",,
208.0,"(0, -125)",,
208.1,"(0, -125)",,
208.2,"(0, -125)",,
208.3,"(0, -125)",,
208.4,"(0, -125)",,
208.5,"(0, -125)",,
208.6,"(0, -125)",,
208.7,"(0, -125)",,
208.8,"(0, -125)",,
208.9,"(0, -125)",,
209.0,"(0, -125)",,
209.1,"(0, -125)",,
209.2,"(0, -125)",,
209.3,"(0, -125)",,
209.4,"(0, -125)",,
209.5,"(0, -125)",,
209.6,"(0, -125)",,
209.7,"(0, -125)",,
209.8,"(0, -125)",,
209.9,"(0, -125)",,
210.0,"(0, -125)",,
210.1,"(0, -125)",,
210.2,"(0, -125)",,
210.3,"(0, -125)",,
210.4,"(0, -125)",,
210.5,"(0, -125)",,
210.6,"(0, -125)",,
210.7,"(0, -125)",,
210.8,"(0, -125)",,
210.9,"(0, -125)",,
211.0,"(0, -125)",,
211.1,"(0, -125)",,
211.2,"(0, -125)",,
211.3,"(0, -125)",,
211.4,"(0, -125)",,
211.5,"(0, -125)",,
211.6,"(0, -125)",,
211.7,"(0, -125)",,
211.8,"(0, -125)",,
211.9,"(0, -125)",,
212.0,"(0, -125)",,
212.1,"(0, -124)",,
212.2,"(0, -124)",,
212.3,"(0, -124)",,
212.4,"(0, -123)",,
212.5,"(-1, -123)",,
212.6,"(-1, -122)",,
212.7,"(-2, -122)",,
212.8,"(-2, -122)",,
212.9,"(-3, -121)",,
213.0,"(-4, -121)",,
213.1,"(-4, -120)",,
213.2,"(-5, -120)",,
213.3,"(-5, -120)",,
213.4,"(-6, -119)",,
213.5,"(-6, -119)",,
213.6,"(-7, -118)",,
213.7,"(-7, -118)",,
213.8,"(-7, -117)",,
213.9,"(-7, -116)",,
214.0,"(-7, -115)",,
214.1,"(-7, -115)",,
214.2,"(-7, -114)",,
214.3,"(-7, -113)",,
214.4,"(-7, -113)",,
214.5,"(-7, -112)",,
214.6,"(-6, -111)",,
214.7,"(-6, -111)",,
214.8,"(-6, -110)",,
214.9,"(-6, -109)",,
215.0,"(-6, -109)",,
215.1,"(-6, -108)",,
215.2,"(-6, -107)",,
215.3,"(-5, -107)",,
215.4,"(-5, -106)",,
215.5,"(-5, -105)",,
215.6,"(-5, -105)",,
215.7,"(-5, -104)",,
215.8,"(-5, -103)",,
215.9,"(-5, -102)",,
216.0,"(-5, -102)",,
216.1,"(-5, -101)",,
216.2,"(-5, -100)",,
216.3,"(-5, -100)",,
216.4,"(-5, -99)",,
216.5,"(-5, -98)",,
216.6,"(-5, -98)",,
216.7,"(-5, -97)",,
216.8,"(-5, -96)",,
216.9,"(-5, -95)",,
217.0,"(-5, -95)",,
217.1,"(-5, -94)",,
217.2,"(-5, -93)",,
217.3,"(-5, -93)",,
217.4,"(-5, -92)",,
217.5,"(-5, -91)",,
217.6,"(-5, -91)",,
217.7,"(-5, -90)",,
217.8,"(-5, -89)",,
217.9,"(-5, -88)",,
218.0,"(-5, -88)",,
218.1,"(-5, -87)",,
218.2,"(-5, -86)",,
218.3,"(-4, -86)",,
218.4,"(-4, -85)",,
218.5,"(-3, -85)",,
218.6,"(-3, -84)",,
218.7,"(-2, -84)",,
218.8,"(-2, -83)",,
218.9,"(-1, -83)",,
219.0,"(-1, -82)","(120, 0)",
219.1,"(0, -82)","(120, 0)",
219.2,"(0, -81)","(120, 0)",
219.3,"(0, -81)","(120, 0)",
219.4,"(0, -80)","(120, 0)",
219.5,"(1, -80)","(120, 0)",
219.6,"(1, -79)","(120, 0)",
219.7,"(1, -78)","(120, 0)",
219.8,"(1, -78)","(120, 0)",
219.9,"(0, -77)","(120, 0)",
220.0,"(0, -77)","(120, 0)",
220.1,"(0, -76)","(120, 0)",
220.2,"(0, -75)","(120, 0)",
220.3,"(0, -75)","(120, 0)",
220.4,"(-1, -74)","(120, 0)",
220.5,"(-1, -74)","(120, 0)",
220.6,"(-2, -74)","(120, 0)",
220.7,"(-3, -73)","(120, 0)",
220.8,"(-3, -73)","(120, 0)",
220.9,"(-4, -73)","(120, 0)",
221.0,"(-5, -73)","(120, 0)",
221.1,"(-5, -72)","(120, 0)",
221.2,"(-6, -72)","(120, 0)",
221.3,"(-6, -71)","(120, 0)",
221.4,"(-6, -70)","(120, 0)",
221.5,"(-6, -70)","(120, 0)",
221.6,"(-6, -69)","(120, 0)",
221.7,"(-7, -68)","(120, 0)",
221.8,"(-7, -68)","(120, 0)",
221.9,"(-7, -67)","(120, 0)",
222.0,"(-7, -66)","(120, 0)",
222.1,"(-7, -66)","(120, 0)",
222.2,"(-7, -65)","(120, 0)",
222.3,"(-7, -64)","(120, 0)",
222.4,"(-6, -64)","(120, 0)",
222.5,"(-6, -63)","(120, 0)",
222.6,"(-6, -62)","(120, 0)",
222.7,"(-5, -62)","(120, 0)",
222.8,"(-5, -61)","(120, 0)",
222.9,"(-4, -61)","(120, 0)",
223.0,"(-3, -61)","(120, 0)",
223.1,"(-3, -61)","(120, 0)",
223.2,"(-2, -61)","(120, 0)",
223.3,"(-1, -61)","(120, 0)",
223.4,"(-1, -61)","(120, 0)",
223.5,"(0, -61)","(120, 0)",
223.6,"(0, -61)","(120, 0)",
223.7,"(0, -62)","(120, 0)",
223.8,"(1, -62)","(120, 0)",
223.9,"(1, -63)","(120, 0)",
224.0,"(1, -64)","(120, 0)",
224.1,"(1, -64)","(120, 0)",
224.2,"(1, -65)","(120, 0)",
224.3,"(0, -66)","(120, 0)",
224.4,"(0, -66)","(120, 0)",
224.5,"(0, -67)","(120, 0)",
224.6,"(0, -67)","(120, 0)",
224.7,"(-1, -67)","(120, 0)",
224.8,"(-1, -68)","(120, 0)",
224.9,"(-2, -68)","(120, 0)",
225.0,"(-3, -67)","(120, 0)",
225.1,"(-3, -67)","(120, 0)",
225.2,"(-4, -67)","(120, 0)",
225.3,"(-4, -66)","(120, 0)",
225.4,"(-5, -66)","(120, 0)",
225.5,"(-5, -65)","(120, 0)",
225.6,"(-6, -65)","(120, 0)",
225.7,"(-6, -64)","(120, 0)",
225.8,"(-6, -63)","(120, 0)",
225.9,"(-6, -63)","(120, 0)",
226.0,"(-6, -62)","(120, 0)",
226.1,"(-6, -62)","(120, 0)",
226.2,"(-6, -61)","(120, 0)",
226.3,"(-6, -61)","(120, 0)",
226.4,"(-6, -61)","(120, 0)",
226.5,"(-6, -60)","(120, 0)",
226.6,"(-5, -60)","(120, 0)",
226.7,"(-5, -59)","(120, 0)",
226.8,"(-4, -59)","(120, 0)",
226.9,"(-4, -58)","(120, 0)",
227.0,"(-4, -58)","(120, 0)",
227.1,"(-3, -58)","(120, 0)",
227.2,"(-3, -58)","(120, 0)",
227.3,"(-3, -58)","(120, 0)",
227.4,"(-3, -58)","(120, 0)",
227.5,"(-3, -58)","(120, 0)",
227.6,"(-3, -58)","(120, 0)",
227.7,"(-3, -58)","(120, 0)",
227.8,"(-3, -58)","(120, 0)",
227.9,"(-3, -58)","(120, 0)",
228.0,"(-3, -58)","(120, 0)",
228.1,"(-3, -58)","(120, 0)",
228.2,"(-3, -58)","(120, 0)",
228.3,"(-3, -58)","(120, 0)",
228.4,"(-3, -58)","(120, 0)",
228.5,"(-3, -58)","(120, 0)",
228.6,"(-3, -58)","(120, 0)",
228.7,"(-3, -58)","(120, 0)",
228.8,"(-3, -58)","(120, 0)",
228.9,"(-3, -58)","(120, 0)",
229.0,"(-3, -58)","(120, 0)",
229.1,"(-3, -58)","(120, 0)",
229.2,"(-3, -58)","(120, 0)",
229.3,"(-3, -58)","(120, 0)",
229.4,"(-3, -58)","(120, 0)",
229.5,"(-3, -58)","(120, 0)",
229.6,"(-3, -58)","(120, 0)",
229.7,"(-3, -58)","(120, 0)",
229.8,"(-3, -58)","(120, 0)",
229.9,"(-3, -58)","(120, 0)",
230.0,"(-3, -58)","(120, 0)","(0, 120)"
230.1,"(-3, -58)","(120, 0)","(0, 120)"
230.2,"(-3, -58)","(120, 0)","(0, 120)"
230.3,"(-3, -58)","(120, 0)","(0, 120)"
230.4,"(-3, -58)","(120, 0)","(0, 120)"
230.5,"(-3, -58)","(120, 0)","(0, 120)"
230.6,"(-3, -58)","(120, 0)","(0, 120)"
230.7,"(-3, -58)","(120, 0)","(0, 120)"
230.8,"(-3, -58)","(120, 0)","(0, 120)"
230.9,"(-3, -58)","(120, 0)","(0, 120)"
231.0,"(-3, -58)","(120, 0)","(0, 120)"
231.1,"(-3, -58)","(120, 0)","(0, 120)"
231.2,"(-3, -58)","(120, 0)","(0, 120)"
231.3,"(-3, -58)","(120, 0)","(0, 120)"
231.4,"(-3, -58)","(120, 0)","(0, 120)"
231.5,"(-3, -58)","(120, 0)","(0, 120)"
231.6,"(-3, -58)","(120, 0)","(0, 120)"
231.7,"(-3, -58)","(120, 0)","(0, 120)"
231.8,"(-3, -58)","(120, 0)","(0, 120)"
231.9,"(-3, -58)","(120, 0)","(0, 120)"
232.0,"(-3, -58)","(120, 0)","(0, 120)"
232.1,"(-3, -58)","(120, 0)","(0, 120)"
232.2,"(-3, -58)","(120, 0)","(0, 120)"
232.3,"(-3, -58)","(120, 0)","(0, 120)"
232.4,"(-3, -58)","(120, 0)","(0, 120)"
232.5,"(-3, -58)","(120, 0)","(0, 120)"
232.6,"(-3, -58)","(120, 0)","(0, 120)"
232.7,"(-3, -58)","(120, 0)","(0, 120)"
232.8,"(-3, -58)","(120, 0)","(0, 120)"
232.9,"(-3, -58)","(119, 0)","(0, 120)"
233.0,"(-3, -58)","(119, 0)","(0, 120)"
233.1,"(-3, -58)","(119, 1)","(0, 120)"
233.2,"(-3, -58)","(119, 2)","(0, 120)"
233.3,"(-3, -58)","(119, 2)","(0, 120)"
233.4,"(-3, -58)","(118, 3)","(0, 120)"
233.5,"(-3, -58)","(117, 3)","(0, 120)"
233.6,"(-3, -58)","(117, 3)","(0, 120)"
233.7,"(-3, -58)","(116, 3)","(0, 120)"
233.8,"(-3, -58)","(115, 3)","(0, 120)"
233.9,"(-3, -58)","(115, 3)","(0, 120)"
234.0,"(-3, -58)","(114, 3)","(0, 120)"
234.1,"(-3, -58)","(113, 3)","(0, 120)"
234.2,"(-3, -58)","(112, 3)","(0, 120)"
234.3,"(-3, -58)","(112, 3)","(0, 120)"
234.4,"(-3, -58)","(112, 2)","(0, 120)"
234.5,"(-3, -58)","(111, 2)","(0, 120)"
234.6,"(-3, -58)","(111, 2)","(0, 120)"
234.7,"(-3, -58)","(111, 2)","(0, 120)"
234.8,"(-3, -58)","(111, 2)","(0, 120)"
234.9,"(-3, -58)","(111, 2)","(0, 120)"
235.0,"(-3, -58)","(111, 2)","(0, 120)"
235.1,"(-3, -58)","(111, 2)","(0, 120)"
235.2,"(-3, -58)","(111, 2)","(0, 120)"
235.3,"(-3, -58)","(111, 2)","(0, 120)"
235.4,"(-3, -58)","(111, 2)","(0, 120)"
235.5,"(-3, -58)","(111, 2)","(0, 120)"
235.6,"(-3, -58)","(111, 2)","(0, 120)"
235.7,"(-3, -58)","(111, 2)","(0, 120)"
235.8,"(-3, -58)","(111, 2)","(0, 120)"
235.9,"(-3, -58)","(111, 2)","(0, 120)"
236.0,"(-3, -58)","(111, 2)","(0, 120)"
236.1,"(-3, -58)","(111, 2)","(0, 120)"
236.2,"(-3, -58)","(111, 2)","(0, 120)"
236.3,"(-3, -58)","(111, 2)","(0, 120)"
236.4,"(-3, -58)","(111, 2)","(0, 120)"
236.5,"(-3, -58)","(111, 2)","(0, 120)"
236.6,"(-3, -58)","(111, 2)","(0, 120)"
236.7,"(-3, -58)","(111, 2)","(0, 120)"
236.8,"(-3, -58)","(111, 2)","(0, 120)"
236.9,"(-3, -58)","(111, 2)","(0, 120)"
237.0,"(-3, -58)","(111, 2)","(0, 120)"
237.1,"(-3, -58)","(111, 2)","(0, 120)"
237.2,"(-3, -58)","(111, 2)","(0, 120)"
237.3,"(-3, -58)","(111, 2)","(0, 120)"
237.4,"(-3, -58)","(111, 2)","(0, 120)"
237.5,"(-3, -58)","(111, 2)","(0, 120)"
237.6,"(-3, -58)","(111, 2)","(0, 120)"
237.7,"(-3, -58)","(111, 2)","(0, 120)"
237.8,"(-3, -58)","(111, 2)","(0, 120)"
237.9,"(-3, -58)","(111, 2)","(0, 120)"
238.0,"(-3, -58)","(111, 2)","(0, 120)"
238.1,"(-3, -58)","(111, 2)","(0, 120)"
238.2,"(-3, -58)","(111, 2)","(0, 120)"
238.3,"(-3, -58)","(111, 2)","(0, 120)"
238.4,"(-3, -58)","(111, 2)","(0, 120)"
238.5,"(-3, -58)","(111, 2)","(0, 120)"
238.6,"(-3, -58)","(111, 2)","(0, 120)"
238.7,"(-3, -58)","(111, 2)","(0, 120)"
238.8,"(-3, -58)","(111, 2)","(0, 120)"
238.9,"(-3, -58)","(111, 2)","(0, 120)"
239.0,"(-3, -58)","(111, 2)","(0, 120)"
239.1,"(-3, -58)","(111, 2)","(0, 120)"
239.2,"(-3, -58)","(111, 2)","(0, 120)"
239.3,"(-3, -58)","(111, 2)","(0, 120)"
239.4,"(-3, -58)","(111, 2)","(0, 121)"
239.5,"(-3, -58)","(111, 2)","(0, 122)"
239.6,"(-3, -58)","(111, 2)","(0, 122)"
239.7,"(-3, -58)","(111, 2)","(0, 123)"
239.8,"(-3, -58)","(111, 2)","(1, 123)"
239.9,"(-3, -58)","(111, 2)","(1, 123)"
240.0,"(-3, -58)","(111, 2)","(2, 124)"
240.1,"(-3, -58)","(111, 2)","(3, 123)"
240.2,"(-3, -58)","(111, 2)","(4, 123)"
240.3,"(-3, -58)","(111, 2)","(4, 123)"
240.4,"(-3, -58)","(111, 2)","(5, 123)"
240.5,"(-3, -58)","(111, 2)","(6, 122)"
240.6,"(-3, -58)","(111, 2)","(6, 122)"
240.7,"(-3, -58)","(111, 2)","(7, 122)"
240.8,"(-3, -58)","(111, 2)","(7, 121)"
240.9,"(-3, -58)","(111, 2)","(7, 121)"
241.0,"(-3, -58)","(111, 2)","(7, 120)"
241.1,"(-3, -58)","(111, 2)","(8, 119)"
241.2,"(-3, -58)","(111, 2)","(8, 118)"
241.3,"(-3, -58)","(111, 2)","(8, 118)"
241.4,"(-3, -58)","(111, 2)","(8, 117)"
241.5,"(-3, -58)","(111, 2)","(9, 117)"
241.6,"(-3, -58)","(111, 2)","(9, 116)"
241.7,"(-3, -58)","(111, 2)","(9, 115)"
241.8,"(-3, -58)","(111, 2)","(9, 115)"
241.9,"(-3, -58)","(111, 2)","(9, 114)"
242.0,"(-3, -58)","(111, 2)","(10, 113)"
242.1,"(-3, -58)","(111, 2)","(10, 112)"
242.2,"(-3, -58)","(111, 2)","(10, 112)"
242.3,"(-3, -58)","(111, 2)","(10, 111)"
242.4,"(-3, -58)","(111, 2)","(10, 111)"
242.5,"(-3, -58)","(111, 2)","(11, 110)"
242.6,"(-3, -58)","(111, 2)","(11, 109)"
242.7,"(-3, -58)","(111, 2)","(11, 108)"
242.8,"(-3, -58)","(111, 2)","(11, 108)"
242.9,"(-3, -58)","(111, 2)","(11, 107)"
243.0,"(-3, -58)","(111, 2)","(11, 106)"
243.1,"(-3, -58)","(111, 2)","(11, 106)"
243.2,"(-3, -58)","(111, 2)","(11, 105)"
243.3,"(-3, -58)","(111, 2)","(12, 104)"
243.4,"(-3, -58)","(111, 2)","(12, 103)"
243.5,"(-3, -58)","(111, 2)","(12, 103)"
243.6,"(-3, -58)","(111, 2)","(12, 102)"
243.7,"(-3, -58)","(111, 2)","(12, 101)"
243.8,"(-3, -58)","(111, 2)","(12, 101)"
243.9,"(-3, -58)","(111, 2)","(12, 100)"
244.0,"(-3, -58)","(111, 2)","(12, 99)"
244.1,"(-3, -58)","(111, 2)","(12, 99)"
244.2,"(-3, -58)","(111, 2)","(12, 98)"
244.3,"(-3, -58)","(111, 2)","(12, 97)"
244.4,"(-3, -58)","(111, 2)","(12, 97)"
244.5,"(-3, -58)","(111, 2)","(12, 96)"
244.6,"(-3, -58)","(111, 2)","(12, 95)"
244.7,"(-3, -58)","(111, 2)","(12, 95)"
244.8,"(-3, -58)","(111, 2)","(12, 94)"
244.9,"(-3, -58)","(111, 2)","(12, 93)"
245.0,"(-3, -58)","(111, 2)","(12, 92)"
245.1,"(-3, -58)","(111, 2)","(12, 92)"
245.2,"(-3, -58)","(111, 2)","(12, 91)"
245.3,"(-3, -58)","(111, 2)","(12, 90)"
245.4,"(-3, -58)","(111, 2)","(12, 90)"
245.5,"(-3, -58)","(111, 2)","(13, 89)"
245.6,"(-3, -58)","(111, 2)","(13, 88)"
245.7,"(-3, -58)","(111, 2)","(13, 88)"
245.8,"(-3, -58)","(111, 2)","(13, 87)"
245.9,"(-3, -58)","(111, 2)","(14, 87)"
246.0,"(-3, -58)","(111, 2)","(14, 86)"
246.1,"(-3, -58)","(111, 2)","(14, 86)"
246.2,"(-3, -58)","(111, 2)","(14, 86)"
246.3,"(-3, -58)","(111, 2)","(14, 86)"
246.4,"(-3, -58)","(111, 2)","(14, 86)"
246.5,"(-3, -58)","(111, 2)","(14, 86)"
246.6,"(-3, -58)","(111, 2)","(14, 86)"
246.7,"(-3, -58)","(111, 2)","(14, 86)"
246.8,"(-3, -58)","(111, 2)","(14, 86)"
246.9,"(-3, -58)","(111, 2)","(14, 86)"
247.0,"(-3, -58)","(111, 2)","(14, 86)"
247.1,"(-3, -58)","(111, 2)","(14, 86)"
247.2,"(-3, -58)","(111, 2)","(14, 86)"
247.3,"(-3, -58)","(111, 2)","(14, 86)"
247.4,"(-3, -58)","(111, 2)","(14, 86)"
247.5,"(-3, -58)","(111, 2)","(14, 86)"
247.6,"(-3, -58)","(111, 2)","(14, 86)"
247.7,"(-3, -58)","(111, 2)","(14, 86)"
247.8,"(-3, -58)","(111, 2)","(14, 86)"
247.9,"(-3, -58)","(111, 2)","(14, 86)"
248.0,"(-3, -58)","(111, 2)","(14, 86)"
248.1,"(-3, -58)","(111, 2)","(14, 86)"
248.2,"(-3, -58)","(111, 2)","(14, 86)"
248.3,"(-3, -58)","(111, 2)","(14, 86)"
248.4,"(-3, -58)","(111, 2)","(14, 86)"
248.5,"(-3, -58)","(111, 2)","(14, 86)"
248.6,"(-3, -58)","(111, 2)","(14, 86)"
248.7,"(-3, -58)","(111, 2)","(14, 86)"
248.8,"(-3, -58)","(111, 2)","(14, 86)"
248.9,"(-3, -58)","(111, 2)","(14, 86)"
249.0,"(-3, -58)","(111, 2)","(14, 86)"
249.1,"(-3, -58)","(111, 2)","(14, 86)"
249.2,"(-3, -58)","(111, 2)","(14, 86)"
249.3,"(-3, -58)","(111, 2)","(14, 86)"
249.4,"(-3, -58)","(111, 2)","(14, 86)"
249.5,"(-3, -58)","(111, 2)","(14, 86)"
249.6,"(-3, -58)","(111, 2)","(14, 86)"
249.7,"(-3, -58)","(111, 2)","(14, 86)"
249.8,"(-3, -58)","(111, 2)","(14, 86)"
249.9,"(-3, -58)","(111, 2)","(14, 86)"
250.0,"(-3, -58)","(111, 2)","(14, 86)"
250.1,"(-3, -58)","(111, 2)","(14, 86)"
250.2,"(-3, -58)","(111, 2)","(14, 86)"
250.3,"(-3, -58)","(111, 2)","(14, 86)"
250.4,"(-3, -58)","(111, 2)","(14, 86)"
250.5,"(-3, -58)","(111, 2)","(14, 86)"
250.6,"(-3, -58)","(111, 2)","(14, 86)"
250.7,"(-3, -58)","(111, 2)","(14, 86)"
250.8,"(-3, -58)","(111, 2)","(14, 86)"
250.9,"(-3, -58)","(111, 2)","(14, 86)"
251.0,"(-3, -58)","(111, 2)","(14, 86)"
251.1,"(-3, -58)","(111, 2)","(14, 86)"
251.2,"(-3, -58)","(111, 2)","(14, 86)"
251.3,"(-3, -58)","(111, 2)","(14, 86)"
251.4,"(-3, -58)","(111, 2)","(14, 86)"
251.5,"(-3, -58)","(111, 2)","(14, 86)"
251.6,"(-3, -58)","(111, 2)","(14, 86)"
251.7,"(-3, -58)","(111, 2)","(14, 86)"
251.8,"(-3, -58)","(111, 2)","(14, 86)"
251.9,"(-3, -58)","(111, 2)","(14, 86)"
252.0,"(-3, -58)","(111, 2)","(14, 86)"
252.1,"(-3, -58)","(111, 2)","(14, 86)"
252.2,"(-3, -58)","(111, 2)","(14, 86)"
252.3,"(-3, -58)","(111, 2)","(14, 86)"
252.4,"(-3, -58)","(111, 2)","(14, 86)"
252.5,"(-3, -58)","(111, 2)","(13, 86)"
252.6,"(-3, -58)","(111, 2)","(13, 86)"
252.7,"(-3, -58)","(111, 2)","(12, 86)"
252.8,"(-3, -58)","(111, 2)","(12, 85)"
252.9,"(-3, -58)","(111, 2)","(11, 85)"
253.0,"(-3, -58)","(111, 2)","(11, 85)"
253.1,"(-3, -58)","(111, 2)","(10, 84)"
253.2,"(-3, -58)","(111, 2)","(9, 84)"
253.3,"(-3, -58)","(111, 2)","(9, 84)"
253.4,"(-3, -58)","(111, 2)","(8, 83)"
253.5,"(-3, -58)","(111, 2)","(7, 83)"
253.6,"(-3, -58)","(111, 2)","(7, 83)"
253.7,"(-3, -58)","(111, 2)","(6, 83)"
253.8,"(-3, -58)","(111, 2)","(5, 82)"
253.9,"(-3, -58)","(111, 2)","(5, 82)"
254.0,"(-3, -58)","(111, 2)","(4, 81)"
254.1,"(-3, -58)","(111, 2)","(4, 81)"
254.2,"(-3, -58)","(111, 2)","(3, 80)"
254.3,"(-3, -58)","(111, 2)","(3, 80)"
254.4,"(-3, -58)","(111, 2)","(2, 79)"
254.5,"(-3, -58)","(111, 2)","(2, 79)"
254.6,"(-3, -58)","(111, 2)","(2, 78)"
254.7,"(-3, -58)","(111, 2)","(1, 78)"
254.8,"(-3, -58)","(111, 2)","(1, 77)"
254.9,"(-3, -58)","(111, 2)","(1, 76)"
255.0,"(-3, -58)","(111, 2)","(1, 76)"
255.1,"(-3, -58)","(111, 2)","(1, 75)"
255.2,"(-3, -58)","(111, 2)","(1, 74)"
255.3,"(-3, -58)","(111, 2)","(1, 73)"
255.4,"(-3, -58)","(111, 2)","(1, 73)"
255.5,"(-3, -58)","(111, 2)","(1, 72)"
255.6,"(-3, -58)","(111, 2)","(1, 72)"
255.7,"(-3, -58)","(111, 2)","(1, 71)"
255.8,"(-3, -58)","(111, 2)","(1, 70)"
255.9,"(-3, -58)","(111, 2)","(1, 69)"
256.0,"(-3, -58)","(111, 2)","(1, 68)"
256.1,"(-3, -58)","(111, 2)","(1, 68)"
256.2,"(-3, -58)","(111, 2)","(1, 67)"
256.3,"(-3, -58)","(111, 2)","(1, 67)"
256.4,"(-3, -58)","(111, 2)","(0, 66)"
256.5,"(-3, -58)","(111, 2)","(0, 65)"
256.6,"(-3, -58)","(111, 2)","(0, 65)"
256.7,"(-3, -58)","(111, 2)","(0, 64)"
256.8,"(-3, -58)","(111, 2)","(0, 63)"
256.9,"(-3, -58)","(111, 2)","(0, 63)"
257.0,"(-3, -58)","(111, 2)","(0, 62)"
257.1,"(-3, -58)","(111, 2)","(-1, 61)"
257.2,"(-3, -58)","(111, 2)","(-1, 61)"
257.3,"(-3, -58)","(111, 2)","(-1, 60)"
257.4,"(-3, -58)","(111, 2)","(-1, 60)"
257.5,"(-3, -58)","(111, 2)","(-2, 59)"
257.6,"(-3, -58)","(111, 2)","(-2, 58)"
257.7,"(-3, -58)","(111, 2)","(-2, 58)"
257.8,"(-3, -58)","(111, 2)","(-3, 57)"
257.9,"(-3, -58)","(111, 2)","(-3, 56)"
258.0,"(-3, -58)","(111, 2)","(-3, 56)"
258.1,"(-3, -58)","(111, 2)","(-3, 55)"
258.2,"(-3, -58)","(111, 2)","(-4, 54)"
258.3,"(-3, -58)","(111, 2)","(-4, 54)"
258.4,"(-3, -58)","(111, 2)","(-4, 53)"
258.5,"(-3, -58)","(111, 2)","(-4, 53)"
258.6,"(-3, -58)","(111, 2)","(-5, 52)"
258.7,"(-3, -58)","(111, 2)","(-5, 51)"
258.8,"(-3, -58)","(111, 2)","(-5, 51)"
258.9,"(-3, -58)","(111, 2)","(-6, 50)"
259.0,"(-3, -58)","(111, 2)","(-6, 49)"
259.1,"(-3, -58)","(111, 2)","(-6, 49)"
259.2,"(-3, -58)","(111, 2)","(-7, 48)"
259.3,"(-3, -58)","(111, 2)","(-7, 47)"
259.4,"(-3, -58)","(111, 2)","(-7, 47)"
259.5,"(-3, -58)","(111, 2)","(-7, 46)"
259.6,"(-3, -58)","(111, 2)","(-8, 45)"
259.7,"(-3, -58)","(111, 2)","(-8, 45)"
259.8,"(-3, -58)","(111, 2)","(-8, 44)"
259.9,"(-3, -58)","(111, 2)","(-8, 44)"
260.0,"(-3, -58)","(111, 2)","(-9, 43)"
260.1,"(-3, -58)","(111, 2)","(-9, 42)"
260.2,"(-3, -58)","(111, 2)","(-9, 42)"
260.3,"(-3, -58)","(111, 2)","(-10, 41)"
260.4,"(-3, -58)","(111, 2)","(-10, 40)"
260.5,"(-3, -58)","(111, 2)","(-10, 40)"
260.6,"(-3, -58)","(111, 2)","(-11, 39)"
260.7,"(-3, -58)","(111, 2)","(-12, 39)"
260.8,"(-3, -58)","(111, 2)","(-12, 39)"
260.9,"(-3, -58)","(111, 2)","(-13, 38)"
261.0,"(-3, -58)","(111, 2)","(-13, 38)"
261.1,"(-3, -58)","(111, 2)","(-14, 38)"
261.2,"(-3, -58)","(111, 2)","(-15, 37)"
261.3,"(-3, -58)","(111, 2)","(-15, 37)"
261.4,"(-3, -58)","(111, 2)","(-16, 37)"
261.5,"(-3, -58)","(111, 2)","(-17, 37)"
261.6,"(-3, -58)","(111, 2)","(-17, 36)"
261.7,"(-3, -58)","(111, 2)","(-18, 36)"
261.8,"(-3, -58)","(111, 2)","(-19, 36)"
261.9,"(-3, -58)","(111, 2)","(-19, 35)"
262.0,"(-3, -58)","(111, 2)","(-20, 35)"
262.1,"(-3, -58)","(111, 2)","(-20, 35)"
262.2,"(-3, -58)","(111, 2)","(-21, 34)"
262.3,"(-3, -58)","(111, 2)","(-21, 34)"
262.4,"(-3, -58)","(111, 2)","(-22, 34)"
262.5,"(-3, -58)","(111, 2)","(-23, 34)"
262.6,"(-3, -58)","(111, 2)","(-23, 33)"
262.7,"(-3, -58)","(111, 2)","(-24, 33)"
262.8,"(-3, -58)","(111, 2)","(-25, 33)"
262.9,"(-3, -58)","(111, 2)","(-25, 32)"
263.0,"(-3, -58)","(111, 2)","(-26, 32)"
263.1,"(-3, -58)","(111, 2)","(-27, 32)"
263.2,"(-3, -58)","(111, 2)","(-27, 31)"
263.3,"(-3, -58)","(111, 2)","(-28, 31)"
263.4,"(-3, -58)","(111, 2)","(-29, 31)"
263.5,"(-3, -58)","(111, 2)","(-29, 31)"
263.6,"(-3, -58)","(111, 2)","(-30, 30)"
263.7,"(-3, -58)","(111, 2)","(-30, 30)"
263.8,"(-3, -58)","(111, 2)","(-31, 30)"
263.9,"(-3, -58)","(111, 2)","(-32, 29)"
264.0,"(-3, -58)","(111, 2)","(-32, 29)"
264.1,"(-3, -58)","(111, 2)","(-33, 29)"
264.2,"(-3, -58)","(111, 2)","(-34, 28)"
264.3,"(-3, -58)","(111, 2)","(-34, 28)"
264.4,"(-3, -58)","(111, 2)","(-35, 28)"
264.5,"(-3, -58)","(111, 2)","(-36, 27)"
264.6,"(-3, -58)","(111, 2)","(-36, 27)"
264.7,"(-3, -58)","(111, 2)","(-37, 27)"
264.8,"(-3, -58)","(111, 2)","(-37, 26)"
264.9,"(-3, -58)","(111, 2)","(-38, 26)"
265.0,"(-3, -58)","(111, 2)","(-38, 25)"
265.1,"(-3, -58)","(111, 2)","(-38, 25)"
265.2,"(-3, -58)","(111, 2)","(-38, 24)"
265.3,"(-3, -58)","(111, 2)","(-39, 23)"
265.4,"(-3, -58)","(111, 2)","(-39, 22)"
265.5,"(-3, -58)","(111, 2)","(-39, 22)"
265.6,"(-3, -58)","(111, 2)","(-39, 21)"
265.7,"(-3, -58)","(111, 2)","(-39, 20)"
265.8,"(-3, -58)","(111, 2)","(-39, 20)"
265.9,"(-3, -58)","(111, 2)","(-39, 19)"
266.0,"(-3, -58)","(111, 2)","(-39, 19)"
266.1,"(-3, -58)","(111, 2)","(-38, 18)"
266.2,"(-3, -58)","(111, 2)","(-38, 17)"
266.3,"(-3, -58)","(111, 2)","(-37, 17)"
266.4,"(-3, -58)","(111, 2)","(-37, 16)"
266.5,"(-3, -58)","(111, 2)","(-36, 16)"
266.6,"(-3, -58)","(111, 2)","(-36, 15)"
266.7,"(-3, -58)","(111, 2)","(-36, 15)"
266.8,"(-3, -58)","(111, 2)","(-35, 14)"
266.9,"(-3, -58)","(111, 2)","(-34, 14)"
267.0,"(-3, -58)","(111, 2)","(-34, 13)"
267.1,"(-3, -58)","(111, 2)","(-34, 13)"
267.2,"(-3, -58)","(111, 2)","(-33, 12)"
267.3,"(-3, -58)","(111, 2)","(-33, 12)"
267.4,"(-3, -58)","(111, 2)","(-32, 11)"
267.5,"(-3, -58)","(111, 2)","(-32, 11)"
267.6,"(-3, -58)","(111, 2)","(-31, 10)"
267.7,"(-3, -58)","(111, 2)","(-30, 10)"
267.8,"(-3, -58)","(111, 2)","(-30, 10)"
267.9,"(-3, -58)","(111, 2)","(-29, 10)"
268.0,"(-3, -58)","(111, 2)","(-28, 10)"
268.1,"(-3, -58)","(111, 2)","(-28, 10)"
268.2,"(-3, -58)","(111, 2)","(-27, 10)"
268.3,"(-3, -58)","(111, 2)","(-26, 10)"
268.4,"(-3, -58)","(111, 2)","(-26, 10)"
268.5,"(-3, -58)","(111, 2)","(-25, 10)"
268.6,"(-3, -58)","(111, 2)","(-24, 10)"
268.7,"(-3, -58)","(111, 2)","(-24, 10)"
268.8,"(-3, -58)","(111, 2)","(-23, 10)"
268.9,"(-3, -58)","(111, 2)","(-22, 10)"
269.0,"(-3, -58)","(111, 2)","(-22, 9)"
269.1,"(-3, -58)","(111, 2)","(-22, 8)"
269.2,"(-3, -58)","(111, 2)","(-21, 8)"
269.3,"(-3, -58)","(111, 2)","(-21, 7)"
269.4,"(-3, -58)","(111, 2)","(-21, 6)"
269.5,"(-3, -58)","(111, 2)","(-21, 6)"
269.6,"(-3, -58)","(111, 2)","(-21, 5)"
269.7,"(-3, -58)","(111, 2)","(-20, 4)"
269.8,"(-3, -58)","(111, 2)","(-20, 4)"
269.9,"(-3, -58)","(111, 2)","(-20, 3)"
270.0,"(-3, -58)","(111, 2)","(-20, 2)"
270.1,"(-3, -58)","(111, 2)","(-20, 2)"
270.2,"(-3, -58)","(111, 2)","(-20, 1)"
270.3,"(-3, -58)","(111, 2)","(-19, 0)"
270.4,"(-3, -58)","(111, 2)","(-19, 0)"
270.5,"(-3, -58)","(111, 2)","(-19, 0)"
270.6,"(-3, -58)","(111, 2)","(-19, -1)"
270.7,"(-3, -58)","(111, 2)","(-19, -2)"
270.8,"(-3, -58)","(111, 2)","(-19, -2)"
270.9,"(-3, -58)","(111, 2)","(-18, -3)"
271.0,"(-3, -58)","(111, 2)","(-18, -3)"
271.1,"(-3, -58)","(111, 2)","(-18, -4)"
271.2,"(-3, -58)","(111, 2)","(-18, -5)"
271.3,"(-3, -58)","(111, 2)","(-18, -6)"
271.4,"(-3, -58)","(111, 2)","(-18, -6)"
271.5,"(-3, -58)","(111, 2)","(-17, -7)"
271.6,"(-3, -58)","(111, 2)","(-17, -8)"
271.7,"(-3, -58)","(111, 2)","(-17, -8)"
271.8,"(-3, -58)","(111, 2)","(-17, -9)"
271.9,"(-3, -58)","(111, 2)","(-17, -10)"
272.0,"(-3, -58)","(111, 2)","(-16, -10)"
272.1,"(-3, -58)","(111, 2)","(-16, -11)"
272.2,"(-3, -58)","(111, 2)","(-16, -12)"
272.3,"(-3, -58)","(111, 2)","(-16, -12)"
272.4,"(-3, -58)","(111, 2)","(-16, -13)"
272.5,"(-3, -58)","(111, 2)","(-16, -14)"
272.6,"(-3, -58)","(111, 2)","(-15, -14)"
272.7,"(-3, -58)","(111, 2)","(-15, -15)"
272.8,"(-3, -58)","(111, 2)","(-15, -16)"
272.9,"(-3, -58)","(111, 2)","(-15, -16)"
273.0,"(-3, -58)","(111, 2)","(-15, -17)"
273.1,"(-3, -58)","(111, 2)","(-15, -18)"
273.2,"(-3, -58)","(111, 2)","(-14, -19)"
273.3,"(-3, -58)","(111, 2)","(-14, -19)"
273.4,"(-3, -58)","(111, 2)","(-14, -20)"
273.5,"(-3, -58)","(111, 2)","(-14, -21)"
273.6,"(-3, -58)","(111, 2)","(-14, -21)"
273.7,"(-3, -58)","(111, 2)","(-14, -22)"
273.8,"(-3, -58)","(111, 2)","(-14, -23)"
273.9,"(-3, -58)","(111, 2)","(-14, -23)"
274.0,"(-3, -58)","(111, 2)","(-14, -24)"
274.1,"(-3, -58)","(111, 2)","(-14, -25)"
274.2,"(-3, -58)","(111, 2)","(-14, -25)"
274.3,"(-3, -58)","(111, 2)","(-14, -26)"
274.4,"(-3, -58)","(111, 2)","(-14, -27)"
274.5,"(-3, -58)","(111, 2)","(-14, -28)"
274.6,"(-3, -58)","(111, 2)","(-14, -28)"
274.7,"(-3, -58)","(111, 2)","(-14, -29)"
274.8,"(-3, -58)","(111, 2)","(-14, -29)"
274.9,"(-3, -58)","(111, 2)","(-14, -30)"
275.0,"(-3, -58)","(111, 2)","(-14, -31)"
275.1,"(-3, -58)","(111, 2)","(-14, -32)"
275.2,"(-3, -58)","(111, 2)","(-14, -32)"
275.3,"(-3, -58)","(111, 2)","(-14, -33)"
275.4,"(-3, -58)","(111, 2)","(-14, -34)"
275.5,"(-3, -58)","(111, 2)","(-14, -34)"
275.6,"(-3, -58)","(111, 2)","(-14, -35)"
275.7,"(-3, -58)","(111, 2)","(-14, -36)"
275.8,"(-3, -58)","(111, 2)","(-13, -36)"
275.9,"(-3, -58)","(111, 2)","(-13, -37)"
276.0,"(-3, -58)","(111, 2)","(-13, -38)"
276.1,"(-3, -58)","(111, 2)","(-13, -38)"
276.2,"(-3, -58)","(111, 2)","(-13, -39)"
276.3,"(-3, -58)","(111, 2)","(-13, -40)"
276.4,"(-3, -58)","(111, 2)","(-13, -41)"
276.5,"(-3, -58)","(111, 2)","(-12, -41)"
276.6,"(-3, -58)","(111, 2)","(-12, -42)"
276.7,"(-3, -58)","(111, 2)","(-12, -43)"
276.8,"(-3, -58)","(111, 2)","(-12, -43)"
276.9,"(-3, -58)","(111, 2)","(-12, -44)"
277.0,"(-3, -58)","(111, 2)","(-12, -45)"
277.1,"(-3, -58)","(111, 2)","(-12, -45)"
277.2,"(-3, -58)","(111, 2)","(-12, -46)"
277.3,"(-3, -58)","(111, 2)","(-11, -47)"
277.4,"(-3, -58)","(111, 2)","(-11, -47)"
277.5,"(-3, -58)","(111, 2)","(-11, -48)"
277.6,"(-3, -58)","(111, 2)","(-11, -49)"
277.7,"(-3, -58)","(111, 2)","(-11, -49)"
277.8,"(-3, -58)","(111, 2)","(-11, -50)"
277.9,"(-3, -58)","(111, 2)","(-10, -51)"
278.0,"(-3, -58)","(111, 2)","(-10, -51)"
278.1,"(-3, -58)","(111, 2)","(-10, -52)"
278.2,"(-3, -58)","(111, 2)","(-9, -53)"
278.3,"(-3, -58)","(111, 2)","(-9, -53)"
278.4,"(-3, -58)","(111, 2)","(-8, -53)"
278.5,"(-3, -58)","(111, 2)","(-7, -54)"
278.6,"(-3, -58)","(111, 2)","(-7, -54)"
278.7,"(-3, -58)","(111, 2)","(-6, -54)"
278.8,"(-3, -58)","(111, 2)","(-6, -55)"
278.9,"(-3, -58)","(111, 2)","(-5, -55)"
279.0,"(-3, -58)","(111, 2)","(-5, -55)"
279.1,"(-3, -58)","(111, 2)","(-5, -56)"
279.2,"(-3, -58)","(111, 2)","(-4, -56)"
279.3,"(-3, -58)","(111, 2)","(-4, -56)"
279.4,"(-3, -58)","(111, 2)","(-4, -56)"
279.5,"(-3, -58)","(111, 2)","(-4, -56)"
279.6,"(-3, -58)","(111, 2)","(-4, -56)"
279.7,"(-3, -58)","(111, 2)","(-4, -56)"
279.8,"(-3, -58)","(111, 2)","(-4, -56)"
279.9,"(-3, -58)","(111, 2)","(-4, -56)"
280.0,"(-3, -58)","(111, 2)","(-4, -56)"
280.1,"(-3, -58)","(111, 2)","(-4, -56)"
280.2,"(-3, -58)","(111, 2)","(-4, -56)"
280.3,"(-3, -58)","(111, 2)","(-4, -56)"
280.4,"(-3, -58)","(111, 2)","(-4, -56)"
280.5,"(-3, -58)","(111, 2)","(-4, -56)"
280.6,"(-3, -58)","(111, 2)","(-4, -56)"
280.7,"(-3, -58)","(111, 2)","(-3, -56)"
280.8,"(-3, -58)","(111, 2)","(-3, -56)"
280.9,"(-3, -58)","(111, 2)","(-2, -56)"
281.0,"(-3, -58)","(111, 2)","(-1, -56)"
281.1,"(-3, -58)","(111, 2)","(-1, -56)"
281.2,"(-3, -58)","(111, 2)","(0, -56)"
281.3,"(-3, -58)","(111, 2)","(0, -56)"
281.4,"(-3, -58)","(111, 2)","(0, -57)"
281.5,"(-3, -58)","(111, 2)","(1, -57)"
281.6,"(-3, -58)","(111, 2)","(2, -57)"
281.7,"(-3, -58)","(111, 2)","(2, -57)"
281.8,"(-3, -58)","(111, 2)","(3, -58)"
281.9,"(-3, -58)","(111, 2)","(3, -58)"
282.0,"(-3, -58)","(111, 2)","(3, -59)"
282.1,"(-3, -58)","(111, 2)","(4, -60)"
282.2,"(-3, -58)","(111, 2)","(3, -60)"
282.3,"(-3, -58)","(111, 2)","(3, -61)"
282.4,"(-3, -58)","(111, 2)","(3, -61)"
282.5,"(-3, -58)","(111, 2)","(3, -62)"
282.6,"(-3, -58)","(111, 2)","(2, -62)"
282.7,"(-3, -58)","(111, 2)","(2, -62)"
282.8,"(-3, -58)","(111, 2)","(2, -62)"
282.9,"(-3, -58)","(111, 2)","(2, -62)"
283.0,"(-3, -58)","(111, 2)","(2, -62)"
283.1,"(-3, -58)","(111, 2)","(2, -62)"
283.2,"(-3, -58)","(111, 2)","(2, -62)"
283.3,"(-3, -58)","(111, 2)","(1, -62)"
283.4,"(-3, -58)","(111, 2)","(1, -61)"
283.5,"(-3, -58)","(111, 2)","(0, -61)"
283.6,"(-3, -58)","(111, 2)","(0, -61)"
283.7,"(-3, -58)","(111, 2)","(0, -60)"
283.8,"(-3, -58)","(111, 2)","(-1, -60)"
283.9,"(-3, -58)","(111, 2)","(-1, -60)"
284.0,"(-3, -58)","(111, 2)","(-1, -60)"
284.1,"(-3, -58)","(111, 2)","(-1, -60)"
284.2,"(-3, -58)","(111, 2)","(-1, -60)"
284.3,"(-3, -58)","(111, 2)","(-1, -60)"
284.4,"(-3, -58)","(111, 2)","(-1, -60)"
284.5,"(-3, -58)","(111, 2)","(-1, -60)"
284.6,"(-3, -58)","(111, 2)","(-1, -60)"
284.7,"(-3, -58)","(111, 2)","(-1, -60)"
284.8,"(-3, -58)","(111, 2)","(-1, -60)"
284.9,"(-3, -58)","(111, 2)","(-1, -60)"
285.0,"(-3, -58)","(111, 2)","(-1, -60)"
285.1,"(-3, -58)","(111, 2)","(-1, -60)"
285.2,"(-3, -58)","(111, 2)","(-1, -60)"
285.3,"(-3, -58)","(111, 2)","(-1, -60)"
285.4,"(-3, -58)","(111, 2)","(-1, -60)"
285.5,"(-3, -58)","(111, 2)","(-1, -60)"
285.6,"(-3, -58)","(111, 2)","(-1, -60)"
285.7,"(-3, -58)","(111, 2)","(-1, -60)"
285.8,"(-3, -58)","(111, 2)","(-1, -60)"
285.9,"(-3, -58)","(111, 2)","(-1, -60)"
286.0,"(-3, -58)","(111, 2)","(-1, -60)"
286.1,"(-3, -58)","(111, 2)","(-1, -60)"
286.2,"(-3, -58)","(111, 2)","(-1, -60)"
286.3,"(-3, -58)","(111, 2)","(-1, -59)"
286.4,"(-3, -58)","(111, 2)","(-1, -59)"
286.5,"(-3, -58)","(111, 2)","(-2, -59)"
286.6,"(-3, -58)","(111, 2)","(-2, -58)"
286.7,"(-3, -58)","(111, 2)","(-2, -57)"
286.8,"(-3, -58)","(111, 2)","(-2, -57)"
286.9,"(-3, -58)","(111, 2)","(-2, -57)"
287.0,"(-3, -58)","(111, 2)","(-2, -57)"
287.1,"(-3, -58)","(111, 2)","(-2, -57)"
287.2,"(-3, -58)","(111, 2)","(-2, -57)"
287.3,"(-3, -58)","(111, 2)","(-2, -57)"
287.4,"(-3, -58)","(111, 2)","(-2, -57)"
287.5,"(-3, -58)","(111, 2)","(-2, -57)"
287.6,"(-3, -58)","(111, 2)","(-2, -57)"
287.7,"(-3, -58)","(111, 2)","(-2, -57)"
287.8,"(-3, -58)","(111, 2)","(-2, -57)"
287.9,"(-3, -58)","(111, 2)","(-2, -57)"
288.0,"(-3, -58)","(111, 2)","(-2, -57)"
288.1,"(-3, -58)","(111, 2)","(-2, -57)"
288.2,"(-3, -58)","(111, 2)","(-2, -57)"
288.3,"(-3, -58)","(111, 2)","(-2, -57)"
288.4,"(-3, -58)","(111, 2)","(-2, -57)"
288.5,"(-3, -58)","(111, 2)","(-2, -57)"
288.6,"(-3, -58)","(111, 2)","(-2, -57)"
288.7,"(-3, -58)","(111, 2)","(-2, -57)"
288.8,"(-3, -58)","(111, 2)","(-2, -57)"
288.9,"(-3, -58)","(111, 2)","(-2, -57)"
289.0,"(-3, -58)","(111, 2)","(-2, -57)"
289.1,"(-3, -58)","(111, 2)","(-2, -57)"
289.2,"(-3, -58)","(111, 2)","(-2, -57)"
289.3,"(-3, -58)","(111, 2)","(-2, -57)"
289.4,"(-3, -58)","(111, 2)","(-2, -57)"
289.5,"(-3, -58)","(111, 2)","(-2, -57)"
289.6,"(-3, -58)","(111, 2)","(-2, -57)"
289.7,"(-3, -58)","(111, 2)","(-2, -57)"
289.8,"(-3, -58)","(111, 2)","(-2, -57)"
289.9,"(-3, -58)","(111, 2)","(-2, -57)"
290.0,"(-3, -58)","(111, 2)","(-2, -57)"
290.1,"(-3, -58)","(111, 2)","(-2, -57)"
290.2,"(-3, -58)","(111, 2)","(-2, -57)"
290.3,"(-3, -58)","(111, 2)","(-2, -57)"
290.4,"(-3, -58)","(111, 2)","(-2, -58)"
290.5,"(-3, -58)","(111, 2)","(-2, -59)"
290.6,"(-3, -58)","(111, 2)","(-2, -60)"
290.7,"(-3, -58)","(111, 2)","(-3, -60)"
290.8,"(-3, -58)","(111, 2)","(-3, -61)"
290.9,"(-3, -58)","(111, 2)","(-4, -61)"
291.0,"(-3, -58)","(111, 2)","(-4, -61)"
291.1,"(-3, -58)","(111, 2)","(-5, -61)"
291.2,"(-3, -58)","(111, 2)","(-6, -61)"
291.3,"(-3, -58)","(111, 2)","(-6, -61)"
291.4,"(-3, -58)","(111, 2)","(-7, -60)"
291.5,"(-3, -58)","(111, 2)","(-7, -60)"
291.6,"(-3, -58)","(111, 2)","(-8, -59)"
291.7,"(-3, -58)","(111, 2)","(-8, -59)"
291.8,"(-3, -58)","(111, 2)","(-8, -58)"
291.9,"(-3, -58)","(111, 2)","(-9, -57)"
292.0,"(-3, -58)","(111, 2)","(-9, -57)"
292.1,"(-3, -58)","(111, 2)","(-9, -56)"
292.2,"(-3, -58)","(111, 2)","(-10, -56)"
292.3,"(-3, -58)","(111, 2)","(-10, -55)"
292.4,"(-3, -58)","(111, 2)","(-10, -54)"
292.5,"(-3, -58)","(111, 2)","(-11, -54)"
292.6,"(-3, -58)","(111, 2)","(-11, -53)"
292.7,"(-3, -58)","(111, 2)","(-12, -53)"
292.8,"(-3, -58)","(111, 2)","(-12, -52)"
292.9,"(-3, -58)","(111, 2)","(-12, -52)"
293.0,"(-3, -58)","(111, 2)","(-12, -51)"
293.1,"(-3, -58)","(111, 2)","(-13, -50)"
293.2,"(-3, -58)","(111, 2)","(-13, -50)"
293.3,"(-3, -58)","(111, 2)","(-13, -49)"
293.4,"(-3, -58)","(111, 2)","(-13, -48)"
293.5,"(-3, -58)","(111, 2)","(-13, -47)"
293.6,"(-3, -58)","(111, 2)","(-13, -47)"
293.7,"(-3, -58)","(111, 2)","(-13, -46)"
293.8,"(-3, -58)","(111, 2)","(-13, -45)"
293.9,"(-3, -58)","(111, 2)","(-13, -45)"
294.0,"(-3, -58)","(111, 2)","(-12, -44)"
294.1,"(-3, -58)","(111, 2)","(-12, -44)"
294.2,"(-3, -58)","(111, 2)","(-11, -43)"
294.3,"(-3, -58)","(111, 2)","(-10, -43)"
294.4,"(-3, -58)","(111, 2)","(-10, -42)"
294.5,"(-3, -58)","(111, 2)","(-9, -42)"
294.6,"(-3, -58)","(111, 2)","(-9, -42)"
294.7,"(-3, -58)","(111, 2)","(-8, -41)"
294.8,"(-3, -58)","(111, 2)","(-8, -41)"
294.9,"(-3, -58)","(111, 2)","(-7, -40)"
295.0,"(-3, -58)","(111, 2)","(-6, -40)"
295.1,"(-3, -58)","(111, 2)","(-6, -40)"
295.2,"(-3, -58)","(111, 2)","(-5, -39)"
295.3,"(-3, -58)","(111, 2)","(-5, -39)"
295.4,"(-3, -58)","(111, 2)","(-4, -38)"
295.5,"(-3, -58)","(111, 2)","(-4, -38)"
295.6,"(-3, -58)","(111, 2)","(-3, -38)"
295.7,"(-3, -58)","(111, 2)","(-2, -37)"
295.8,"(-3, -58)","(111, 2)","(-2, -37)"
295.9,"(-3, -58)","(111, 2)","(-1, -36)"
296.0,"(-3, -58)","(111, 2)","(-1, -36)"
296.1,"(-3, -58)","(111, 2)","(0, -36)"
296.2,"(-3, -58)","(111, 2)","(0, -35)"
296.3,"(-3, -58)","(111, 2)","(0, -35)"
296.4,"(-3, -58)","(111, 2)","(0, -34)"
296.5,"(-3, -58)","(111, 2)","(1, -34)"
296.6,"(-3, -58)","(111, 2)","(2, -34)"
296.7,"(-3, -58)","(111, 2)","(2, -33)"
296.8,"(-3, -58)","(111, 2)","(3, -33)"
296.9,"(-3, -58)","(111, 2)","(3, -32)"
297.0,"(-3, -58)","(111, 2)","(4, -32)"
297.1,"(-3, -58)","(111, 2)","(4, -31)"
297.2,"(-3, -58)","(111, 2)","(5, -31)"
297.3,"(-3, -58)","(111, 2)","(6, -31)"
297.4,"(-3, -58)","(111, 2)","(6, -30)"
297.5,"(-3, -58)","(111, 2)","(7, -30)"
297.6,"(-3, -58)","(111, 2)","(7, -30)"
297.7,"(-3, -58)","(111, 2)","(8, -29)"
297.8,"(-3, -58)","(111, 2)","(8, -29)"
297.9,"(-3, -58)","(111, 2)","(9, -29)"
298.0,"(-3, -58)","(111, 2)","(10, -29)"
298.1,"(-3, -58)","(111, 2)","(11, -28)"
298.2,"(-3, -58)","(111, 2)","(11, -28)"
298.3,"(-3, -58)","(111, 2)","(12, -28)"
298.4,"(-3, -58)","(111, 2)","(13, -28)"
298.5,"(-3, -58)","(111, 2)","(13, -28)"
298.6,"(-3, -58)","(111, 2)","(14, -28)"
298.7,"(-3, -58)","(111, 2)","(15, -28)"
298.8,"(-3, -58)","(111, 2)","(15, -28)"
298.9,"(-3, -58)","(111, 2)","(16, -28)"
299.0,"(-3, -58)","(111, 2)","(17, -28)"
299.1,"(-3, -58)","(111, 2)","(18, -28)"
299.2,"(-3, -58)","(111, 2)","(18, -27)"
299.3,"(-3, -58)","(111, 2)","(19, -27)"
299.4,"(-3, -58)","(111, 2)","(20, -27)"
299.5,"(-3, -58)","(111, 2)","(20, -28)"
299.6,"(-3, -58)","(111, 2)","(21, -28)"
299.7,"(-3, -58)","(111, 2)","(22, -29)"
299.8,"(-3, -58)","(111, 2)","(22, -29)"
299.9,"(-3, -58)","(111, 2)","(22, -30)"
300.0,"(-3, -58)","(111, 2)","(23, -30)"
300.1,"(-3, -58)","(111, 2)","(23, -31)"
300.2,"(-3, -58)","(111, 2)","(24, -31)"
300.3,"(-3, -58)","(111, 2)","(24, -32)"
300.4,"(-3, -58)","(111, 2)","(25, -32)"
300.5,"(-3, -58)","(111, 2)","(25, -33)"
300.6,"(-3, -58)","(111, 2)","(25, -33)"
300.7,"(-3, -58)","(111, 2)","(26, -34)"
300.8,"(-3, -58)","(111, 2)","(26, -35)"
300.9,"(-3, -58)","(111, 2)","(26, -35)"
301.0,"(-3, -58)","(111, 2)","(25, -36)"
301.1,"(-3, -58)","(111, 2)","(25, -37)"
301.2,"(-3, -58)","(111, 2)","(25, -37)"
301.3,"(-3, -58)","(111, 2)","(25, -38)"
301.4,"(-3, -58)","(111, 2)","(24, -39)"
301.5,"(-3, -58)","(111, 2)","(24, -39)"
301.6,"(-3, -58)","(111, 2)","(24, -40)"
301.7,"(-3, -58)","(111, 2)","(23, -40)"
301.8,"(-3, -58)","(111, 2)","(22, -41)"
301.9,"(-3, -58)","(111, 2)","(22, -41)"
302.0,"(-3, -58)","(111, 2)","(21, -41)"
302.1,"(-3, -58)","(111, 2)","(21, -41)"
302.2,"(-3, -58)","(111, 2)","(20, -41)"
302.3,"(-3, -58)","(111, 2)","(20, -41)"
302.4,"(-3, -58)","(111, 2)","(19, -40)"
302.5,"(-3, -58)","(111, 2)","(18, -40)"
302.6,"(-3, -58)","(111, 2)","(18, -40)"
302.7,"(-3, -58)","(111, 2)","(17, -40)"
302.8,"(-3, -58)","(111, 2)","(16, -41)"
302.9,"(-3, -58)","(111, 2)","(16, -41)"
303.0,"(-3, -58)","(111, 2)","(15, -41)"
303.1,"(-3, -58)","(111, 2)","(14, -41)"
303.2,"(-3, -58)","(111, 2)","(14, -41)"
303.3,"(-3, -58)","(111, 2)","(13, -41)"
303.4,"(-3, -58)","(111, 2)","(12, -42)"
303.5,"(-3, -58)","(111, 2)","(11, -42)"
303.6,"(-3, -58)","(111, 2)","(11, -42)"
303.7,"(-3, -58)","(111, 2)","(10, -42)"
303.8,"(-3, -58)","(111, 2)","(10, -42)"
303.9,"(-3, -58)","(111, 2)","(9, -42)"
304.0,"(-3, -58)","(111, 2)","(8, -42)"
304.1,"(-3, -58)","(111, 2)","(7, -42)"
304.2,"(-3, -58)","(111, 2)","(7, -42)"
304.3,"(-3, -58)","(111, 2)","(6, -41)"
304.4,"(-3, -58)","(111, 2)","(5, -41)"
304.5,"(-3, -58)","(111, 2)","(5, -41)"
304.6,"(-3, -58)","(111, 2)","(4, -41)"
304.7,"(-3, -58)","(111, 2)","(3, -40)"
304.8,"(-3, -58)","(111, 2)","(3, -40)"
304.9,"(-3, -58)","(111, 2)","(2, -40)"
305.0,"(-3, -58)","(111, 2)","(1, -40)"
305.1,"(-3, -58)","(111, 2)","(1, -40)"
305.2,"(-3, -58)","(111, 2)","(0, -39)"
305.3,"(-3, -58)","(111, 2)","(0, -39)"
305.4,"(-3, -58)","(111, 2)","(0, -39)"
305.5,"(-3, -58)","(111, 2)","(-1, -38)"
305.6,"(-3, -58)","(111, 2)","(-1, -38)"
305.7,"(-3, -58)","(111, 2)","(-2, -38)"
305.8,"(-3, -58)","(111, 2)","(-2, -37)"
305.9,"(-3, -58)","(111, 2)","(-3, -37)"
306.0,"(-3, -58)","(111, 2)","(-4, -36)"
306.1,"(-3, -58)","(111, 2)","(-4, -36)"
306.2,"(-3, -58)","(111, 2)","(-5, -36)"
306.3,"(-3, -58)","(111, 2)","(-5, -35)"
306.4,"(-3, -58)","(111, 2)","(-6, -35)"
306.5,"(-3, -58)","(111, 2)","(-7, -35)"
306.6,"(-3, -58)","(111, 2)","(-7, -34)"
306.7,"(-3, -58)","(111, 2)","(-8, -34)"
306.8,"(-3, -58)","(111, 2)","(-8, -33)"
306.9,"(-3, -58)","(111, 2)","(-9, -33)"
307.0,"(-3, -58)","(111, 2)","(-10, -33)"
307.1,"(-3, -58)","(111, 2)","(-10, -32)"
307.2,"(-3, -58)","(111, 2)","(-11, -32)"
307.3,"(-3, -58)","(111, 2)","(-11, -32)"
307.4,"(-3, -58)","(111, 2)","(-12, -31)"
307.5,"(-3, -58)","(111, 2)","(-12, -30)"
307.6,"(-3, -58)","(111, 2)","(-13, -30)"
307.7,"(-3, -58)","(111, 2)","(-13, -30)"
307.8,"(-3, -58)","(111, 2)","(-14, -29)"
307.9,"(-3, -58)","(111, 2)","(-14, -29)"
308.0,"(-3, -58)","(111, 2)","(-15, -28)"
308.1,"(-3, -58)","(111, 2)","(-15, -28)"
308.2,"(-3, -58)","(111, 2)","(-16, -27)"
308.3,"(-3, -58)","(111, 2)","(-16, -27)"
308.4,"(-3, -58)","(111, 2)","(-17, -26)"
308.5,"(-3, -58)","(111, 2)","(-17, -26)"
308.6,"(-3, -58)","(111, 2)","(-18, -25)"
308.7,"(-3, -58)","(111, 2)","(-18, -25)"
308.8,"(-3, -58)","(111, 2)","(-19, -24)"
308.9,"(-3, -58)","(111, 2)","(-19, -24)"
309.0,"(-3, -58)","(111, 2)","(-20, -23)"
309.1,"(-3, -58)","(111, 2)","(-20, -23)"
309.2,"(-3, -58)","(111, 2)","(-20, -22)"
309.3,"(-3, -58)","(111, 2)","(-21, -21)"
309.4,"(-3, -58)","(111, 2)","(-20, -20)"
309.5,"(-3, -58)","(111, 2)","(-20, -20)"
309.6,"(-3, -58)","(111, 2)","(-20, -19)"
309.7,"(-3, -58)","(111, 2)","(-20, -18)"
309.8,"(-3, -58)","(111, 2)","(-20, -18)"
309.9,"(-3, -58)","(111, 2)","(-19, -17)"
310.0,"(-3, -58)","(111, 2)","(-19, -16)"
310.1,"(-3, -58)","(111, 2)","(-19, -16)"
310.2,"(-3, -58)","(111, 2)","(-19, -15)"
310.3,"(-3, -58)","(111, 2)","(-19, -14)"
310.4,"(-3, -58)","(111, 2)","(-18, -14)"
310.5,"(-3, -58)","(111, 2)","(-18, -13)"
310.6,"(-3, -58)","(111, 2)","(-18, -12)"
310.7,"(-3, -58)","(111, 2)","(-18, -12)"
310.8,"(-3, -58)","(111, 2)","(-18, -11)"
310.9,"(-3, -58)","(111, 2)","(-18, -10)"
311.0,"(-3, -58)","(111, 2)","(-18, -10)"
311.1,"(-3, -58)","(111, 2)","(-18, -9)"
311.2,"(-3, -58)","(111, 2)","(-18, -8)"
311.3,"(-3, -58)","(111, 2)","(-18, -8)"
311.4,"(-3, -58)","(111, 2)","(-18, -7)"
311.5,"(-3, -58)","(111, 2)","(-18, -6)"
311.6,"(-3, -58)","(111, 2)","(-18, -5)"
311.7,"(-3, -58)","(111, 2)","(-18, -5)"
311.8,"(-3, -58)","(111, 2)","(-18, -4)"
311.9,"(-3, -58)","(111, 2)","(-18, -3)"
312.0,"(-3, -58)","(111, 2)","(-19, -3)"
312.1,"(-3, -58)","(111, 2)","(-19, -2)"
312.2,"(-3, -58)","(111, 2)","(-19, -1)"
312.3,"(-3, -58)","(111, 2)","(-19, -1)"
312.4,"(-3, -58)","(111, 2)","(-19, 0)"
312.5,"(-3, -58)","(111, 2)","(-19, 0)"
312.6,"(-3, -58)","(111, 2)","(-19, 0)"
312.7,"(-3, -58)","(111, 2)","(-19, 1)"
312.8,"(-3, -58)","(111, 2)","(-19, 2)"
312.9,"(-3, -58)","(111, 2)","(-19, 3)"
313.0,"(-3, -58)","(111, 2)","(-19, 3)"
313.1,"(-3, -58)","(111, 2)","(-19, 4)"
313.2,"(-3, -58)","(111, 2)","(-20, 5)"
313.3,"(-3, -58)","(111, 2)","(-20, 5)"
313.4,"(-3, -58)","(111, 2)","(-20, 6)"
313.5,"(-3, -58)","(111, 2)","(-20, 7)"
313.6,"(-3, -58)","(111, 2)","(-20, 7)"
313.7,"(-3, -58)","(111, 2)","(-20, 8)"
313.8,"(-3, -58)","(111, 2)","(-20, 9)"
313.9,"(-3, -58)","(111, 2)","(-20, 9)"
314.0,"(-3, -58)","(111, 2)","(-20, 10)"
314.1,"(-3, -58)","(111, 2)","(-20, 11)"
314.2,"(-3, -58)","(111, 2)","(-20, 12)"
314.3,"(-3, -58)","(111, 2)","(-20, 12)"
314.4,"(-3, -58)","(111, 2)","(-20, 13)"
314.5,"(-3, -58)","(111, 2)","(-21, 14)"
314.6,"(-3, -58)","(111, 2)","(-21, 14)"
314.7,"(-3, -58)","(111, 2)","(-21, 15)"
314.8,"(-3, -58)","(111, 2)","(-21, 16)"
314.9,"(-3, -58)","(111, 2)","(-21, 17)"
315.0,"(-3, -58)","(111, 2)","(-21, 17)"
315.1,"(-3, -58)","(111, 2)","(-21, 18)"
315.2,"(-3, -58)","(111, 2)","(-21, 19)"
315.3,"(-3, -58)","(111, 2)","(-21, 19)"
315.4,"(-3, -58)","(111, 2)","(-21, 20)"
315.5,"(-3, -58)","(111, 2)","(-21, 21)"
315.6,"(-3, -58)","(111, 2)","(-21, 21)"
315.7,"(-3, -58)","(111, 2)","(-21, 22)"
315.8,"(-3, -58)","(111, 2)","(-22, 23)"
315.9,"(-3, -58)","(111, 2)","(-22, 23)"
316.0,"(-3, -58)","(111, 2)","(-22, 24)"
316.1,"(-3, -58)","(111, 2)","(-22, 25)"
316.2,"(-3, -58)","(111, 2)","(-22, 25)"
316.3,"(-3, -58)","(111, 2)","(-22, 26)"
316.4,"(-3, -58)","(111, 2)","(-22, 27)"
316.5,"(-3, -58)","(111, 2)","(-22, 28)"
316.6,"(-3, -58)","(111, 2)","(-22, 28)"
316.7,"(-3, -58)","(111, 2)","(-22, 29)"
316.8,"(-3, -58)","(111, 2)","(-22, 30)"
316.9,"(-3, -58)","(111, 2)","(-21, 30)"
317.0,"(-3, -58)","(111, 2)","(-20, 31)"
317.1,"(-3, -58)","(111, 2)","(-20, 31)"
317.2,"(-3, -58)","(111, 2)","(-19, 31)"
317.3,"(-3, -58)","(111, 2)","(-18, 31)"
317.4,"(-3, -58)","(111, 2)","(-18, 31)"
317.5,"(-3, -58)","(111, 2)","(-17, 31)"
317.6,"(-3, -58)","(111, 2)","(-16, 30)"
317.7,"(-3, -58)","(111, 2)","(-16, 30)"
317.8,"(-3, -58)","(111, 2)","(-15, 30)"
317.9,"(-3, -58)","(111, 2)","(-14, 30)"
318.0,"(-3, -58)","(111, 2)","(-14, 30)"
318.1,"(-3, -58)","(111, 2)","(-13, 30)"
318.2,"(-3, -58)","(111, 2)","(-12, 30)"
318.3,"(-3, -58)","(111, 2)","(-12, 30)"
318.4,"(-3, -58)","(111, 2)","(-11, 30)"
318.5,"(-3, -58)","(111, 2)","(-10, 30)"
318.6,"(-3, -58)","(111, 2)","(-9, 29)"
318.7,"(-3, -58)","(111, 2)","(-9, 29)"
318.8,"(-3, -58)","(111, 2)","(-8, 29)"
318.9,"(-3, -58)","(111, 2)","(-7, 29)"
319.0,"(-3, -58)","(111, 2)","(-7, 29)"
319.1,"(-3, -58)","(111, 2)","(-6, 29)"
319.2,"(-3, -58)","(111, 2)","(-5, 29)"
319.3,"(-3, -58)","(111, 2)","(-5, 29)"
319.4,"(-3, -58)","(111, 2)","(-4, 29)"
319.5,"(-3, -58)","(111, 2)","(-3, 28)"
319.6,"(-3, -58)","(111, 2)","(-3, 28)"
319.7,"(-3, -58)","(111, 2)","(-2, 28)"
319.8,"(-3, -58)","(111, 2)","(-1, 28)"
319.9,"(-3, -58)","(111, 2)","(-1, 27)"
320.0,"(-3, -58)","(111, 2)","(0, 27)"
320.1,"(-3, -58)","(111, 2)","(0, 27)"
320.2,"(-3, -58)","(111, 2)","(0, 27)"
320.3,"(-3, -58)","(111, 2)","(1, 26)"
320.4,"(-3, -58)","(111, 2)","(1, 26)"
320.5,"(-3, -58)","(111, 2)","(2, 26)"
320.6,"(-3, -58)","(111, 2)","(3, 25)"
320.7,"(-3, -58)","(111, 2)","(3, 25)"
320.8,"(-3, -58)","(111, 2)","(4, 25)"
320.9,"(-3, -58)","(111, 2)","(5, 24)"
321.0,"(-3, -58)","(111, 2)","(5, 24)"
321.1,"(-3, -58)","(111, 2)","(6, 24)"
321.2,"(-3, -58)","(111, 2)","(7, 23)"
321.3,"(-3, -58)","(111, 2)","(7, 23)"
321.4,"(-3, -58)","(111, 2)","(8, 23)"
321.5,"(-3, -58)","(111, 2)","(8, 23)"
321.6,"(-3, -58)","(111, 2)","(9, 22)"
321.7,"(-3, -58)","(111, 2)","(10, 22)"
321.8,"(-3, -58)","(111, 2)","(10, 22)"
321.9,"(-3, -58)","(111, 2)","(11, 21)"
322.0,"(-3, -58)","(111, 2)","(11, 21)"
322.1,"(-3, -58)","(111, 2)","(12, 21)"
322.2,"(-3, -58)","(111, 2)","(13, 20)"
322.3,"(-3, -58)","(111, 2)","(13, 20)"
322.4,"(-3, -58)","(111, 2)","(14, 20)"
322.5,"(-3, -58)","(111, 2)","(15, 19)"
322.6,"(-3, -58)","(111, 2)","(15, 19)"
322.7,"(-3, -58)","(111, 2)","(16, 19)"
322.8,"(-3, -58)","(111, 2)","(16, 18)"
322.9,"(-3, -58)","(111, 2)","(17, 18)"
323.0,"(-3, -58)","(111, 2)","(18, 18)"
323.1,"(-3, -58)","(111, 2)","(18, 18)"
323.2,"(-3, -58)","(111, 2)","(19, 17)"
323.3,"(-3, -58)","(111, 2)","(20, 17)"
323.4,"(-3, -58)","(111, 2)","(20, 17)"
323.5,"(-3, -58)","(111, 2)","(21, 16)"
323.6,"(-3, -58)","(111, 2)","(22, 16)"
323.7,"(-3, -58)","(111, 2)","(22, 16)"
323.8,"(-3, -58)","(111, 2)","(23, 16)"
323.9,"(-3, -58)","(111, 2)","(24, 15)"
324.0,"(-3, -58)","(111, 2)","(24, 15)"
324.1,"(-3, -58)","(111, 2)","(25, 15)"
324.2,"(-3, -58)","(111, 2)","(25, 14)"
324.3,"(-3, -58)","(111, 2)","(25, 13)"
324.4,"(-3, -58)","(111, 2)","(26, 13)"
324.5,"(-3, -58)","(111, 2)","(26, 12)"
324.6,"(-3, -58)","(111, 2)","(27, 12)"
324.7,"(-3, -58)","(111, 2)","(27, 11)"
324.8,"(-3, -58)","(111, 2)","(27, 11)"
324.9,"(-3, -58)","(111, 2)","(28, 10)"
325.0,"(-3, -58)","(111, 2)","(28, 9)"
325.1,"(-3, -58)","(111, 2)","(28, 9)"
325.2,"(-3, -58)","(111, 2)","(29, 8)"
325.3,"(-3, -58)","(111, 2)","(29, 7)"
325.4,"(-3, -58)","(111, 2)","(29, 7)"
325.5,"(-3, -58)","(111, 2)","(30, 6)"
325.6,"(-3, -58)","(111, 2)","(30, 6)"
325.7,"(-3, -58)","(111, 2)","(31, 5)"
325.8,"(-3, -58)","(111, 2)","(31, 5)"
325.9,"(-3, -58)","(111, 2)","(32, 4)"
326.0,"(-3, -58)","(111, 2)","(33, 4)"
326.1,"(-3, -58)","(111, 2)","(33, 5)"
326.2,"(-3, -58)","(111, 2)","(34, 5)"
326.3,"(-3, -58)","(111, 2)","(34, 5)"
326.4,"(-3, -58)","(111, 2)","(35, 6)"
326.5,"(-3, -58)","(111, 2)","(35, 6)"
326.6,"(-3, -58)","(111, 2)","(35, 7)"
326.7,"(-3, -58)","(111, 2)","(35, 8)"
326.8,"(-3, -58)","(111, 2)","(35, 8)"
326.9,"(-3, -58)","(111, 2)","(35, 9)"
327.0,"(-3, -58)","(111, 2)","(34, 10)"
327.1,"(-3, -58)","(111, 2)","(34, 10)"
327.2,"(-3, -58)","(111, 2)","(33, 11)"
327.3,"(-3, -58)","(111, 2)","(33, 11)"
327.4,"(-3, -58)","(111, 2)","(33, 12)"
327.5,"(-3, -58)","(111, 2)","(32, 13)"
327.6,"(-3, -58)","(111, 2)","(32, 13)"
327.7,"(-3, -58)","(111, 2)","(32, 14)"
327.8,"(-3, -58)","(111, 2)","(31, 15)"
327.9,"(-3, -58)","(111, 2)","(31, 15)"
328.0,"(-3, -58)","(111, 2)","(30, 16)"
328.1,"(-3, -58)","(111, 2)","(30, 16)"
328.2,"(-3, -58)","(111, 2)","(30, 17)"
328.3,"(-3, -58)","(111, 2)","(29, 17)"
328.4,"(-3, -58)","(111, 2)","(29, 18)"
328.5,"(-3, -58)","(111, 2)","(29, 19)"
328.6,"(-3, -58)","(111, 2)","(28, 19)"
328.7,"(-3, -58)","(111, 2)","(28, 20)"
328.8,"(-3, -58)","(111, 2)","(28, 20)"
328.9,"(-3, -58)","(111, 2)","(27, 21)"
329.0,"(-3, -58)","(111, 2)","(27, 22)"
329.1,"(-3, -58)","(111, 2)","(26, 22)"
329.2,"(-3, -58)","(111, 2)","(26, 23)"
329.3,"(-3, -58)","(111, 2)","(26, 24)"
329.4,"(-3, -58)","(111, 2)","(25, 24)"
329.5,"(-3, -58)","(111, 2)","(25, 25)"
329.6,"(-3, -58)","(111, 2)","(25, 25)"
329.7,"(-3, -58)","(111, 2)","(24, 26)"
329.8,"(-3, -58)","(111, 2)","(24, 27)"
329.9,"(-3, -58)","(111, 2)","(24, 27)"
330.0,"(-3, -58)","(111, 2)","(23, 28)"
330.1,"(-3, -58)","(111, 2)","(23, 28)"
330.2,"(-3, -58)","(111, 2)","(23, 29)"
330.3,"(-3, -58)","(111, 2)","(22, 29)"
330.4,"(-3, -58)","(111, 2)","(22, 30)"
330.5,"(-3, -58)","(111, 2)","(22, 31)"
330.6,"(-3, -58)","(111, 2)","(21, 31)"
330.7,"(-3, -58)","(111, 2)","(21, 32)"
330.8,"(-3, -58)","(111, 2)","(20, 33)"
330.9,"(-3, -58)","(111, 2)","(20, 33)"
331.0,"(-3, -58)","(111, 2)","(20, 34)"
331.1,"(-3, -58)","(111, 2)","(19, 34)"
331.2,"(-3, -58)","(111, 2)","(19, 35)"
331.3,"(-3, -58)","(111, 2)","(19, 35)"
331.4,"(-3, -58)","(111, 2)","(18, 36)"
331.5,"(-3, -58)","(111, 2)","(18, 37)"
331.6,"(-3, -58)","(111, 2)","(18, 37)"
331.7,"(-3, -58)","(111, 2)","(17, 38)"
331.8,"(-3, -58)","(111, 2)","(17, 38)"
331.9,"(-3, -58)","(111, 2)","(16, 39)"
332.0,"(-3, -58)","(111, 2)","(16, 40)"
332.1,"(-3, -58)","(111, 2)","(16, 40)"
332.2,"(-3, -58)","(111, 2)","(15, 41)"
332.3,"(-3, -58)","(111, 2)","(15, 41)"
332.4,"(-3, -58)","(111, 2)","(15, 42)"
332.5,"(-3, -58)","(111, 2)","(14, 43)"
332.6,"(-3, -58)","(111, 2)","(14, 43)"
332.7,"(-3, -58)","(111, 2)","(13, 44)"
332.8,"(-3, -58)","(111, 2)","(13, 44)"
332.9,"(-3, -58)","(111, 2)","(13, 45)"
333.0,"(-3, -58)","(111, 2)","(12, 45)"
333.1,"(-3, -58)","(111, 2)","(11, 45)"
333.2,"(-3, -58)","(111, 2)","(11, 45)"
333.3,"(-3, -58)","(111, 2)","(10, 45)"
333.4,"(-3, -58)","(111, 2)","(9, 45)"
333.5,"(-3, -58)","(111, 2)","(9, 44)"
333.6,"(-3, -58)","(111, 2)","(8, 44)"
333.7,"(-3, -58)","(111, 2)","(8, 43)"
333.8,"(-3, -58)","(111, 2)","(8, 43)"
333.9,"(-3, -58)","(111, 2)","(8, 42)"
334.0,"(-3, -58)","(111, 2)","(8, 41)"
334.1,"(-3, -58)","(111, 2)","(8, 40)"
334.2,"(-3, -58)","(111, 2)","(8, 40)"
334.3,"(-3, -58)","(111, 2)","(8, 39)"
334.4,"(-3, -58)","(111, 2)","(8, 38)"
334.5,"(-3, -58)","(111, 2)","(8, 38)"
334.6,"(-3, -58)","(111, 2)","(9, 37)"
334.7,"(-3, -58)","(111, 2)","(10, 37)"
334.8,"(-3, -58)","(111, 2)","(10, 37)"
334.9,"(-3, -58)","(111, 2)","(11, 37)"
335.0,"(-3, -58)","(111, 2)","(11, 37)"
335.1,"(-3, -58)","(111, 2)","(12, 37)"
335.2,"(-3, -58)","(111, 2)","(13, 38)"
335.3,"(-3, -58)","(111, 2)","(13, 38)"
335.4,"(-3, -58)","(111, 2)","(13, 39)"
335.5,"(-3, -58)","(111, 2)","(13, 39)"
335.6,"(-3, -58)","(111, 2)","(13, 40)"
335.7,"(-3, -58)","(111, 2)","(13, 41)"
335.8,"(-3, -58)","(111, 2)","(13, 41)"
335.9,"(-3, -58)","(111, 2)","(13, 42)"
336.0,"(-3, -58)","(111, 2)","(13, 43)"
336.1,"(-3, -58)","(111, 2)","(13, 43)"
336.2,"(-3, -58)","(111, 2)","(13, 44)"
336.3,"(-3, -58)","(111, 2)","(13, 45)"
336.4,"(-3, -58)","(111, 2)","(13, 46)"
336.5,"(-3, -58)","(111, 2)","(13, 46)"
336.6,"(-3, -58)","(111, 2)","(13, 47)"
336.7,"(-3, -58)","(111, 2)","(13, 48)"
336.8,"(-3, -58)","(111, 2)","(13, 48)"
336.9,"(-3, -58)","(111, 2)","(12, 49)"
337.0,"(-3, -58)","(111, 2)","(11, 49)"
337.1,"(-3, -58)","(111, 2)","(11, 49)"
337.2,"(-3, -58)","(111, 2)","(10, 50)"
337.3,"(-3, -58)","(111, 2)","(10, 50)"
337.4,"(-3, -58)","(111, 2)","(9, 50)"
337.5,"(-3, -58)","(111, 2)","(8, 50)"
337.6,"(-3, -58)","(111, 2)","(7, 50)"
337.7,"(-3, -58)","(111, 2)","(7, 50)"
337.8,"(-3, -58)","(111, 2)","(6, 50)"
337.9,"(-3, -58)","(111, 2)","(5, 50)"
338.0,"(-3, -58)","(111, 2)","(5, 50)"
338.1,"(-3, -58)","(111, 2)","(4, 50)"
338.2,"(-3, -58)","(111, 2)","(3, 50)"
338.3,"(-3, -58)","(111, 2)","(3, 49)"
338.4,"(-3, -58)","(111, 2)","(2, 49)"
338.5,"(-3, -58)","(111, 2)","(2, 48)"
338.6,"(-3, -58)","(111, 2)","(1, 48)"
338.7,"(-3, -58)","(111, 2)","(1, 47)"
338.8,"(-3, -58)","(111, 2)","(0, 47)"
338.9,"(-3, -58)","(111, 2)","(0, 46)"
339.0,"(-3, -58)","(111, 2)","(0, 45)"
339.1,"(-3, -58)","(111, 2)","(0, 45)"
339.2,"(-3, -58)","(111, 2)","(0, 44)"
339.3,"(-3, -58)","(111, 2)","(-1, 44)"
339.4,"(-3, -58)","(111, 2)","(-1, 44)"
339.5,"(-3, -58)","(111, 2)","(-2, 43)"
339.6,"(-3, -58)","(111, 2)","(-2, 42)"
339.7,"(-3, -58)","(111, 2)","(-2, 42)"
339.8,"(-3, -58)","(111, 2)","(-2, 41)"
339.9,"(-3, -58)","(111, 2)","(-2, 40)"
340.0,"(-3, -58)","(111, 2)","(-2, 39)"
340.1,"(-3, -58)","(111, 2)","(-2, 39)"
340.2,"(-3, -58)","(111, 2)","(-1, 38)"
340.3,"(-3, -58)","(111, 2)","(-1, 38)"
340.4,"(-3, -58)","(111, 2)","(0, 37)"
340.5,"(-3, -58)","(111, 2)","(0, 36)"
340.6,"(-3, -58)","(111, 2)","(0, 36)"
340.7,"(-3, -58)","(111, 2)","(0, 35)"
340.8,"(-3, -58)","(111, 2)","(0, 35)"
340.9,"(-3, -58)","(111, 2)","(1, 35)"
341.0,"(-3, -58)","(111, 2)","(1, 34)"
341.1,"(-3, -58)","(111, 2)","(2, 34)"
341.2,"(-3, -58)","(111, 2)","(3, 34)"
341.3,"(-3, -58)","(111, 2)","(3, 33)"
341.4,"(-3, -58)","(111, 2)","(4, 33)"
341.5,"(-3, -58)","(111, 2)","(4, 33)"
341.6,"(-3, -58)","(111, 2)","(5, 33)"
341.7,"(-3, -58)","(111, 2)","(5, 32)"
341.8,"(-3, -58)","(111, 2)","(5, 32)"
341.9,"(-3, -58)","(111, 2)","(5, 32)"
342.0,"(-3, -58)","(111, 2)","(5, 32)"
342.1,"(-3, -58)","(111, 2)","(5, 32)"
342.2,"(-3, -58)","(111, 2)","(5, 32)"
342.3,"(-3, -58)","(111, 2)","(5, 32)"
342.4,"(-3, -58)","(111, 2)","(5, 32)"
342.5,"(-3, -58)","(111, 2)","(5, 32)"
342.6,"(-3, -58)","(111, 2)","(5, 32)"
342.7,"(-3, -58)","(111, 2)","(5, 32)"
342.8,"(-3, -58)","(111, 2)","(5, 32)"
342.9,"(-3, -58)","(111, 2)","(5, 32)"
343.0,"(-3, -58)","(111, 2)","(5, 32)"
343.1,"(-3, -58)","(111, 2)","(5, 32)"
343.2,"(-3, -58)","(111, 2)","(5, 32)"
343.3,"(-3, -58)","(111, 2)","(5, 32)"
343.4,"(-3, -58)","(111, 2)","(5, 32)"
343.5,"(-3, -58)","(111, 2)","(5, 32)"
343.6,"(-3, -58)","(111, 2)","(5, 32)"
343.7,"(-3, -58)","(111, 2)","(5, 32)"
343.8,"(-3, -58)","(111, 2)","(5, 32)"
343.9,"(-3, -58)","(111, 2)","(5, 32)"
344.0,"(-3, -58)","(111, 2)","(5, 32)"
344.1,"(-3, -58)","(111, 2)","(5, 32)"
344.2,"(-3, -58)","(111, 2)","(5, 32)"
344.3,"(-3, -58)","(111, 2)","(5, 32)"
344.4,"(-3, -58)","(111, 2)","(5, 32)"
344.5,"(-3, -58)","(111, 2)","(5, 32)"
344.6,"(-3, -58)","(111, 2)","(5, 32)"
344.7,"(-3, -58)","(111, 2)","(5, 32)"
344.8,"(-3, -58)","(111, 2)","(5, 32)"
344.9,"(-3, -58)","(111, 2)","(5, 32)"
345.0,"(-3, -58)","(111, 2)","(5, 32)"
345.1,"(-3, -58)","(111, 2)","(5, 32)"
345.2,"(-3, -58)","(111, 2)","(5, 32)"
345.3,"(-3, -58)","(111, 2)","(5, 32)"
345.4,"(-3, -58)","(111, 2)","(5, 32)"
345.5,"(-3, -58)","(111, 2)","(5, 32)"
345.6,"(-3, -58)","(111, 2)","(5, 32)"
345.7,"(-3, -58)","(111, 2)","(5, 32)"
345.8,"(-3, -58)","(111, 2)","(5, 32)"
345.9,"(-3, -58)","(111, 2)","(5, 32)"
346.0,"(-3, -58)","(111, 2)","(5, 32)"
346.1,"(-3, -58)","(111, 2)","(5, 32)"
346.2,"(-3, -58)","(111, 2)","(5, 32)"
